{
  "best_proxy_acc": 0.088145,
  "best_params": {
    "lr": 7.422286007901121e-05,
    "weight_decay": 0.04208308336015718,
    "mixup": 0.06841226843947375,
    "cutmix": 0.15682556609916237,
    "randaug_M": 9,
    "backbone_lr_mult": 0.17807395802527526,
    "elr_lambda": 2.219850993322817,
    "margin": 0.29634864661131666,
    "scale": 27
  }
}